﻿Column,Type,Description
Week,Integer,Current date week
Date,Date,Current date date
AveragePrice,Numerical,Average price across outlets
Total Volume,Numerical,Average of individual avocados sold across outlets
4046,Numerical,Average of avocados with PLU 4046 sold across outlets
4225,Numerical,Average of avocados with PLU 4225 sold across outlets
4770,Numerical,Average of avocados with PLU 4770 sold across outlets
Total Bags,Numerical,Average of bags of avocados sold
Small Bags,Numerical,Average of small bags sold
Large Bags,Numerical,Average of large bags sold
Xlarge Bags,Numerical,Average of xlarge bags sold
type,Binary,"0 if conventional, 1 if organic"
year,Integer,Current date year
region,Character,Sales outlet location
